序号,名称,经度,纬度
1,13号线#1,121.9291742,39.3853306
2,13号线#2,121.92946182,39.38559724
3,13号线#3,121.92974944,39.38586388
4,13号线#4,121.9300384,39.38612965
5,13号线#5,121.93032786,39.38639509
6,13号线#6,121.93061732,39.38666054
7,13号线#7,121.93090677,39.38692599
8,13号线#8,121.93119655,39.38719122
9,13号线#9,121.93148771,39.38745555
10,13号线#10,121.93177886,39.38771988
11,13号线#11,121.93207002,39.38798421
12,13号线#12,121.93236117,39.38824854
13,13号线#13,121.93265233,39.38851286
14,13号线#14,121.93293378,39.38878339
15,13号线#15,121.93321523,39.38905393
16,13号线#16,121.93349667,39.38932446
17,13号线#17,121.93377811,39.38959499
18,13号线#18,121.93405956,39.38986553
19,13号线#19,121.93434684,39.39013234
20,13号线#20,121.93463684,39.39039741
21,13号线#21,121.93492684,39.39066249
22,13号线#22,121.93521684,39.39092756
23,13号线#23,121.93550698,39.39119255
24,13号线#24,121.93579776,39.39145711
25,13号线#25,121.93608853,39.39172168
26,13号线#26,121.93637931,39.39198624
27,13号线#27,121.93666985,39.39225096
28,13号线#28,121.93696023,39.39251578
29,13号线#29,121.93725061,39.3927806
30,13号线#30,121.93754099,39.39304541
31,13号线#31,121.93783133,39.39331026
32,13号线#32,121.93812155,39.39357518
33,13号线#33,121.93841177,39.3938401
34,13号线#34,121.93870199,39.39410502
35,13号线#35,121.93899221,39.39436994
36,13号线#36,121.93928856,39.39463076
37,13号线#37,121.93958638,39.39489058
38,13号线#38,121.93988421,39.39515041
39,13号线#39,121.9401715,39.39541645
40,13号线#40,121.94041731,39.39570696
41,13号线#41,121.94065257,39.39600194
42,13号线#42,121.94083755,39.39631823
43,13号线#43,121.9410218,39.39663477
44,13号线#44,121.9411901,39.39695658
45,13号线#45,121.94135819,39.39727845
46,13号线#46,121.94152453,39.39760086
47,13号线#47,121.94169086,39.39792327
48,13号线#48,121.94185719,39.39824569
49,13号线#49,121.94202352,39.3985681
50,13号线#50,121.94219082,39.39889021
51,13号线#51,121.94235886,39.39921209
52,13号线#52,121.94252691,39.39953396
53,13号线#53,121.94269495,39.39985583
54,13号线#54,121.942863,39.40017771
55,13号线#55,121.94303105,39.40049958
56,13号线#56,121.94319909,39.40082145
57,13号线#57,121.94336701,39.40114335
58,13号线#58,121.94353002,39.40146676
59,13号线#59,121.94369303,39.40179017
60,13号线#60,121.94385605,39.40211357
61,13号线#61,121.94401906,39.40243698
62,13号线#62,121.94418207,39.40276038
63,13号线#63,121.94434508,39.40308378
64,13号线#64,121.94450809,39.40340718
65,13号线#65,121.94465966,39.40373387
66,13号线#66,121.94480751,39.40406151
67,13号线#67,121.94492169,39.40439717
68,13号线#68,121.94499415,39.40473958
69,13号线#69,121.94506409,39.4050824
70,13号线#70,121.94510059,39.40542805
71,13号线#71,121.94512818,39.40577444
72,13号线#72,121.94513623,39.40612092
73,13号线#73,121.94511376,39.40646754
74,13号线#74,121.94509128,39.40681415
75,13号线#75,121.94504741,39.40715951
76,13号线#76,121.94500214,39.40750478
77,13号线#77,121.94495685,39.40785005
78,13号线#78,121.9449115,39.40819532
79,13号线#79,121.94486615,39.40854058
80,13号线#80,121.94482039,39.40888581
81,13号线#81,121.94475436,39.40922907
82,13号线#82,121.94468833,39.40957233
83,13号线#83,121.9446223,39.40991559
84,13号线#84,121.94455627,39.41025885
85,13号线#85,121.94449024,39.41060211
86,13号线#86,121.94443257,39.41094625
87,13号线#87,121.94437606,39.41129052
88,13号线#88,121.94431958,39.41163479
89,13号线#89,121.94426497,39.41197923
90,13号线#90,121.94421155,39.41232379
91,13号线#91,121.94415813,39.41266834
92,13号线#92,121.94411937,39.41301385
93,13号线#93,121.94409679,39.41336043
94,13号线#94,121.94408702,39.41370709
95,13号线#95,121.94410082,39.41405392
96,13号线#96,121.94410111,39.41440093
97,13号线#97,121.9441014,39.41474793
98,13号线#98,121.94410168,39.41509494
99,13号线#99,121.94410197,39.41544194
100,13号线#100,121.94410225,39.41578894
101,13号线#101,121.94410254,39.41613594
102,13号线#102,121.94410282,39.41648294
103,13号线#103,121.94408481,39.41682919
104,13号线#104,121.94403721,39.41717423
105,13号线#105,121.94396047,39.41751571
106,13号线#106,121.94386781,39.41785523
107,13号线#107,121.94373847,39.41818632
108,13号线#108,121.94357552,39.41850966
109,13号线#109,121.94338111,39.41882145
110,13号线#110,121.9431592,39.41912313
111,13号线#111,121.94291406,39.41941258
112,13号线#112,121.94263198,39.4196826
113,13号线#113,121.94230765,39.41992206
114,13号线#114,121.94197742,39.42015726
115,13号线#115,121.94163889,39.42038406
116,13号线#116,121.94125829,39.4205683
117,13号线#117,121.94087769,39.42075255
118,13号线#118,121.94046559,39.42088772
119,13号线#119,121.94004534,39.4210102
120,13号线#120,121.93961993,39.42111902
121,13号线#121,121.93918052,39.42119094
122,13号线#122,121.93873638,39.42123745
123,13号线#123,121.93828857,39.42126431
124,13号线#124,121.93783989,39.42125293
125,13号线#125,121.93739114,39.42123816
126,13号线#126,121.93694239,39.42122339
127,13号线#127,121.93649364,39.42120862
128,13号线#128,121.93604489,39.42119385
129,13号线#129,121.93559614,39.42117907
130,13号线#130,121.93514739,39.4211643
131,13号线#131,121.93469913,39.42118431
132,13号线#132,121.93425348,39.42122264
133,13号线#133,121.9338118,39.42128568
134,13号线#134,121.93337258,39.42135799
135,13号线#135,121.93293631,39.42143957
136,13号线#136,121.93251062,39.42155026
137,13号线#137,121.93210623,39.42169755
138,13号线#138,121.93171644,39.42186995
139,13号线#139,121.93135832,39.42207623
140,13号线#140,121.93102537,39.42230911
141,13号线#141,121.93069409,39.42254341
142,13号线#142,121.93036282,39.42277772
143,13号线#143,121.93003154,39.42301202
144,13号线#144,121.92970026,39.42324632
145,13号线#145,121.92936898,39.42348062
146,13号线#146,121.92904163,39.42371816
147,13号线#147,121.92871733,39.42395821
148,13号线#148,121.92839303,39.42419826
149,13号线#149,121.92806873,39.42443831
150,13号线#150,121.92774443,39.42467836
151,13号线#151,121.92742013,39.42491841
152,13号线#152,121.92709583,39.42515846
153,13号线#153,121.92677153,39.42539851
154,13号线#154,121.92644723,39.42563855
155,13号线#155,121.92612292,39.4258786
156,13号线#156,121.92579823,39.42611832
157,13号线#157,121.92547228,39.42635703
158,13号线#158,121.92514633,39.42659573
159,13号线#159,121.92482037,39.42683444
160,13号线#160,121.92449442,39.42707314
161,13号线#161,121.92416847,39.42731185
162,13号线#162,121.92384252,39.42755055
163,13号线#163,121.92351657,39.42778925
164,13号线#164,121.92319062,39.42802795
165,13号线#165,121.92286467,39.42826665
166,13号线#166,121.92253872,39.42850535
167,13号线#167,121.92221277,39.42874405
168,13号线#168,121.92188682,39.42898275
169,13号线#169,121.92156086,39.42922145
170,13号线#170,121.92123491,39.42946014
171,13号线#171,121.92090896,39.42969884
172,13号线#172,121.92058301,39.42993753
173,13号线#173,121.92025706,39.43017623
174,13号线#174,121.91993111,39.43041492
175,13号线#175,121.91960516,39.43065361
176,13号线#176,121.91927921,39.4308923
177,13号线#177,121.91902517,39.43081775
178,13号线#178,121.91882534,39.43050705
179,13号线#179,121.91862551,39.43019635
180,13号线#180,121.91842568,39.42988564
181,13号线#181,121.91822585,39.42957494
182,13号线#182,121.91802602,39.42926423
183,13号线#183,121.91782619,39.42895352
184,13号线#184,121.91762636,39.42864281
185,13号线#185,121.91742653,39.4283321
186,13号线#186,121.91722671,39.42802139
187,13号线#187,121.91702688,39.42771068
188,13号线#188,121.91682705,39.42739996
189,13号线#189,121.91662722,39.42708925
190,13号线#190,121.91642739,39.42677853
191,13号线#191,121.91622756,39.42646781
192,13号线#192,121.91602773,39.42615709
193,13号线#193,121.9158279,39.42584637
194,13号线#194,121.91562807,39.42553564
195,13号线#195,121.91542824,39.42522492
196,13号线#196,121.91522842,39.42491419
197,13号线#197,121.91502859,39.42460347
198,13号线#198,121.91482876,39.42429274
199,13号线#199,121.91462893,39.42398201
200,13号线#200,121.9144291,39.42367128
201,13号线#201,121.91422927,39.42336054
202,13号线#202,121.91402944,39.42304981
203,13号线#203,121.91382961,39.42273907
204,13号线#204,121.91362978,39.42242834
205,13号线#205,121.91342996,39.4221176
206,13号线#206,121.91323013,39.42180686
207,13号线#207,121.9130303,39.42149612
208,13号线#208,121.91283047,39.42118537
209,13号线#209,121.91263064,39.42087463
210,13号线#210,121.91243081,39.42056388
211,13号线#211,121.91223098,39.42025314
212,13号线#212,121.91203115,39.41994239
213,13号线#213,121.91183132,39.41963164
214,13号线#214,121.91163149,39.41932089
215,13号线#215,121.91143167,39.41901014
216,13号线#216,121.91123184,39.41869938
217,13号线#217,121.91103201,39.41838863
218,13号线#218,121.91083218,39.41807787
219,13号线#219,121.91063235,39.41776711
220,13号线#220,121.91043252,39.41745635
221,13号线#221,121.91023269,39.41714559
222,13号线#222,121.91003286,39.41683483
223,13号线#223,121.90983303,39.41652407
224,13号线#224,121.90963321,39.4162133
225,13号线#225,121.90943338,39.41590254
226,13号线#226,121.90923355,39.41559177
227,13号线#227,121.90903372,39.415281
228,13号线#228,121.90883389,39.41497023
229,13号线#229,121.90863406,39.41465946
230,13号线#230,121.90843423,39.41434868
231,13号线#231,121.9082344,39.41403791
232,13号线#232,121.90803457,39.41372713
233,13号线#233,121.90783475,39.41341636
234,13号线#234,121.90763492,39.41310558
235,13号线#235,121.90743509,39.4127948
236,13号线#236,121.90723526,39.41248402
237,13号线#237,121.90703543,39.41217323
238,13号线#238,121.9068356,39.41186245
239,13号线#239,121.90663577,39.41155166
240,13号线#240,121.90643594,39.41124088
241,13号线#241,121.90623611,39.41093009
242,13号线#242,121.90603628,39.4106193
243,13号线#243,121.90583646,39.41030851
244,13号线#244,121.90563663,39.40999772
245,13号线#245,121.9054368,39.40968692
246,13号线#246,121.90523697,39.40937613
247,13号线#247,121.90503714,39.40906533
248,13号线#248,121.90483731,39.40875453
249,13号线#249,121.90463748,39.40844373
250,13号线#250,121.90443765,39.40813293
251,13号线#251,121.90423782,39.40782213
252,13号线#252,121.904038,39.40751133
253,13号线#253,121.90383817,39.40720052
254,13号线#254,121.90363834,39.40688971
255,13号线#255,121.90343851,39.40657891
256,13号线#256,121.90323868,39.4062681
257,13号线#257,121.90303885,39.40595729
258,13号线#258,121.90283902,39.40564647
259,13号线#259,121.90263919,39.40533566
260,13号线#260,121.90243936,39.40502485
261,13号线#261,121.90223953,39.40471403
262,13号线#262,121.90203971,39.40440321
263,13号线#263,121.90183988,39.40409239
264,13号线#264,121.90164005,39.40378157
265,13号线#265,121.90144022,39.40347075
266,13号线#266,121.90124039,39.40315993
267,13号线#267,121.90104056,39.40284911
268,13号线#268,121.90084073,39.40253828
269,13号线#269,121.9006409,39.40222745
270,13号线#270,121.90044107,39.40191662
271,13号线#271,121.90024125,39.40160579
272,13号线#272,121.90004142,39.40129496
273,13号线#273,121.89984159,39.40098413
274,13号线#274,121.89964176,39.4006733
275,13号线#275,121.89944193,39.40036246
276,13号线#276,121.8992421,39.40005162
277,13号线#277,121.89904227,39.39974079
278,13号线#278,121.89884244,39.39942995
279,13号线#279,121.89864261,39.3991191
280,13号线#280,121.89844279,39.39880826
281,13号线#281,121.89824296,39.39849742
282,13号线#282,121.89804313,39.39818657
283,13号线#283,121.8978433,39.39787573
284,13号线#284,121.89764347,39.39756488
285,13号线#285,121.89744364,39.39725403
286,13号线#286,121.89724381,39.39694318
287,13号线#287,121.89704398,39.39663233
288,13号线#288,121.89684415,39.39632147
289,13号线#289,121.89664432,39.39601062
290,13号线#290,121.8964445,39.39569976
291,13号线#291,121.89624467,39.3953889
292,13号线#292,121.89604484,39.39507805
293,13号线#293,121.89584501,39.39476719
294,13号线#294,121.89564518,39.39445632
295,13号线#295,121.89544535,39.39414546
296,13号线#296,121.89524552,39.3938346
297,13号线#297,121.89504569,39.39352373
298,13号线#298,121.89484586,39.39321286
299,13号线#299,121.89464604,39.39290199
300,13号线#300,121.89444621,39.39259112
301,13号线#301,121.89424638,39.39228025
302,13号线#302,121.89404655,39.39196938
303,13号线#303,121.89384672,39.39165851
304,13号线#304,121.89364689,39.39134763
305,13号线#305,121.89344706,39.39103675
306,13号线#306,121.89324723,39.39072587
307,13号线#307,121.8930474,39.39041499
308,13号线#308,121.89284757,39.39010411
309,13号线#309,121.89264775,39.38979323
310,13号线#310,121.89244792,39.38948235
311,13号线#311,121.89224809,39.38917146
312,13号线#312,121.89204826,39.38886057
313,13号线#313,121.89184843,39.38854969
314,13号线#314,121.8916486,39.3882388
315,13号线#315,121.89144877,39.38792791
316,13号线#316,121.89124894,39.38761701
317,13号线#317,121.89104911,39.38730612
318,13号线#318,121.89084929,39.38699523
319,13号线#319,121.89064946,39.38668433
320,13号线#320,121.89044963,39.38637343
321,13号线#321,121.8902498,39.38606253
322,13号线#322,121.89004997,39.38575163
323,13号线#323,121.88985014,39.38544073
324,13号线#324,121.88965031,39.38512983
325,13号线#325,121.88945048,39.38481892
326,13号线#326,121.88925065,39.38450802
327,13号线#327,121.88905083,39.38419711
328,13号线#328,121.888851,39.3838862
329,13号线#329,121.88865117,39.38357529
330,13号线#330,121.88845134,39.38326438
331,13号线#331,121.88825151,39.38295346
332,13号线#332,121.88805168,39.38264255
333,13号线#333,121.88785185,39.38233163
334,13号线#334,121.88765202,39.38202072
335,13号线#335,121.88745219,39.3817098
336,13号线#336,121.88725236,39.38139888
337,13号线#337,121.88705254,39.38108796
338,13号线#338,121.88685271,39.38077703
339,13号线#339,121.88665288,39.38046611
340,13号线#340,121.88645305,39.38015518
341,13号线#341,121.88625322,39.37984426
342,13号线#342,121.88605339,39.37953333
343,13号线#343,121.88585356,39.3792224
344,13号线#344,121.88565373,39.37891147
345,13号线#345,121.8854539,39.37860054
346,13号线#346,121.88525408,39.3782896
347,13号线#347,121.88505425,39.37797867
348,13号线#348,121.88485442,39.37766773
349,13号线#349,121.88465459,39.37735679
350,13号线#350,121.88445476,39.37704585
351,13号线#351,121.88425493,39.37673491
352,13号线#352,121.8840551,39.37642397
353,13号线#353,121.88385527,39.37611303
354,13号线#354,121.88365544,39.37580208
355,13号线#355,121.88345561,39.37549114
356,13号线#356,121.88325579,39.37518019
357,13号线#357,121.88305596,39.37486924
358,13号线#358,121.88285613,39.37455829
359,13号线#359,121.8826563,39.37424734
360,13号线#360,121.88245647,39.37393638
361,13号线#361,121.88225664,39.37362543
362,13号线#362,121.88205681,39.37331447
363,13号线#363,121.88185698,39.37300352
364,13号线#364,121.88165715,39.37269256
365,13号线#365,121.88145733,39.3723816
366,13号线#366,121.8812575,39.37207064
367,13号线#367,121.88105767,39.37175967
368,13号线#368,121.88085784,39.37144871
369,13号线#369,121.88065801,39.37113774
370,13号线#370,121.88045818,39.37082678
371,13号线#371,121.88025835,39.37051581
372,13号线#372,121.88005852,39.37020484
373,13号线#373,121.87985869,39.36989387
374,13号线#374,121.87965887,39.36958289
375,13号线#375,121.87945904,39.36927192
376,13号线#376,121.87925921,39.36896094
377,13号线#377,121.87905938,39.36864997
378,13号线#378,121.87885955,39.36833899
379,13号线#379,121.87865972,39.36802801
380,13号线#380,121.87845989,39.36771703
381,13号线#381,121.87826006,39.36740605
382,13号线#382,121.87806023,39.36709506
383,13号线#383,121.8778604,39.36678408
384,13号线#384,121.87766058,39.36647309
385,13号线#385,121.87746075,39.3661621
386,13号线#386,121.87726092,39.36585111
387,13号线#387,121.87706109,39.36554012
388,13号线#388,121.87686126,39.36522913
389,13号线#389,121.87666143,39.36491814
390,13号线#390,121.8764616,39.36460714
391,13号线#391,121.87626177,39.36429615
392,13号线#392,121.87606194,39.36398515
393,13号线#393,121.87586212,39.36367415
394,13号线#394,121.87566229,39.36336315
395,13号线#395,121.87546246,39.36305215
396,13号线#396,121.87526263,39.36274115
397,13号线#397,121.8750628,39.36243014
398,13号线#398,121.87486297,39.36211914
399,13号线#399,121.87466314,39.36180813
400,13号线#400,121.87446331,39.36149712
401,13号线#401,121.87426348,39.36118611
402,13号线#402,121.87406366,39.3608751
403,13号线#403,121.87386383,39.36056409
404,13号线#404,121.873664,39.36025307
405,13号线#405,121.87346417,39.35994206
406,13号线#406,121.87326434,39.35963104
407,13号线#407,121.87306451,39.35932002
408,13号线#408,121.87286468,39.359009
409,13号线#409,121.87266485,39.35869798
410,13号线#410,121.87246502,39.35838696
411,13号线#411,121.87226519,39.35807593
412,13号线#412,121.87206537,39.35776491
413,13号线#413,121.87186554,39.35745388
414,13号线#414,121.87166571,39.35714286
415,13号线#415,121.87146588,39.35683183
416,13号线#416,121.87126605,39.35652079
417,13号线#417,121.87106622,39.35620976
418,13号线#418,121.87086639,39.35589873
419,13号线#419,121.87066656,39.35558769
420,13号线#420,121.87046673,39.35527666
421,13号线#421,121.87026691,39.35496562
422,13号线#422,121.87006708,39.35465458
423,13号线#423,121.86986725,39.35434354
424,13号线#424,121.86966742,39.3540325
425,13号线#425,121.86946759,39.35372146
426,13号线#426,121.86926776,39.35341041
427,13号线#427,121.86906793,39.35309937
428,13号线#428,121.8688681,39.35278832
429,13号线#429,121.86866827,39.35247727
430,13号线#430,121.86846844,39.35216622
431,13号线#431,121.86826862,39.35185517
432,13号线#432,121.86806879,39.35154411
433,13号线#433,121.86786896,39.35123306
434,13号线#434,121.86766913,39.350922
435,13号线#435,121.8674693,39.35061095
436,13号线#436,121.86726947,39.35029989
437,13号线#437,121.86706964,39.34998883
438,13号线#438,121.86686981,39.34967777
439,13号线#439,121.86666998,39.34936671
440,13号线#440,121.86647016,39.34905564
441,13号线#441,121.86627033,39.34874458
442,13号线#442,121.8660705,39.34843351
443,13号线#443,121.86587067,39.34812244
444,13号线#444,121.86567084,39.34781137
445,13号线#445,121.86547101,39.3475003
446,13号线#446,121.86527118,39.34718923
447,13号线#447,121.86507135,39.34687816
448,13号线#448,121.86487152,39.34656708
449,13号线#449,121.8646717,39.346256
450,13号线#450,121.86447187,39.34594493
451,13号线#451,121.86427204,39.34563385
452,13号线#452,121.86407221,39.34532277
453,13号线#453,121.86387238,39.34501168
454,13号线#454,121.86367255,39.3447006
455,13号线#455,121.86347272,39.34438952
456,13号线#456,121.86327289,39.34407843
457,13号线#457,121.86307306,39.34376734
458,13号线#458,121.86287323,39.34345625
459,13号线#459,121.86267341,39.34314516
460,13号线#460,121.86247358,39.34283407
461,13号线#461,121.86227375,39.34252298
462,13号线#462,121.86207392,39.34221188
463,13号线#463,121.86187409,39.34190079
464,13号线#464,121.86167426,39.34158969
465,13号线#465,121.86147443,39.34127859
466,13号线#466,121.8612746,39.34096749
467,13号线#467,121.86107477,39.34065639
468,13号线#468,121.86087495,39.34034529
469,13号线#469,121.86067512,39.34003418
470,13号线#470,121.86047529,39.33972308
471,13号线#471,121.86027546,39.33941197
472,13号线#472,121.86007563,39.33910086
473,13号线#473,121.8598758,39.33878975
474,13号线#474,121.85967597,39.33847864
475,13号线#475,121.85947614,39.33816753
476,13号线#476,121.85927631,39.33785642
477,13号线#477,121.85907648,39.3375453
478,13号线#478,121.85887666,39.33723418
479,13号线#479,121.85867683,39.33692307
480,13号线#480,121.858477,39.33661195
481,13号线#481,121.85827717,39.33630083
482,13号线#482,121.85807734,39.3359897
483,13号线#483,121.85787751,39.33567858
484,13号线#484,121.85767768,39.33536746
485,13号线#485,121.85747785,39.33505633
486,13号线#486,121.85727802,39.3347452
487,13号线#487,121.8570782,39.33443407
488,13号线#488,121.85687837,39.33412294
489,13号线#489,121.85667854,39.33381181
490,13号线#490,121.85647871,39.33350068
491,13号线#491,121.85627888,39.33318954
492,13号线#492,121.85607905,39.33287841
493,13号线#493,121.85587922,39.33256727
494,13号线#494,121.85567939,39.33225613
495,13号线#495,121.85547956,39.33194499
496,13号线#496,121.85527974,39.33163385
497,13号线#497,121.85507991,39.33132271
498,13号线#498,121.85488008,39.33101156
499,13号线#499,121.85468025,39.33070042
500,13号线#500,121.85448042,39.33038927
501,13号线#501,121.85428059,39.33007812
502,13号线#502,121.85408076,39.32976697
503,13号线#503,121.85388093,39.32945582
504,13号线#504,121.8536811,39.32914467
505,13号线#505,121.85348127,39.32883351
506,13号线#506,121.85328145,39.32852236
507,13号线#507,121.85308162,39.3282112
508,13号线#508,121.85288179,39.32790004
509,13号线#509,121.85268196,39.32758888
510,13号线#510,121.85248213,39.32727772
511,13号线#511,121.8522823,39.32696656
512,13号线#512,121.85208247,39.3266554
513,13号线#513,121.85188264,39.32634423
514,13号线#514,121.85168281,39.32603307
515,13号线#515,121.85148299,39.3257219
516,13号线#516,121.85128316,39.32541073
517,13号线#517,121.85108333,39.32509956
518,13号线#518,121.8508835,39.32478839
519,13号线#519,121.85068367,39.32447721
520,13号线#520,121.85048384,39.32416604
521,13号线#521,121.85028401,39.32385486
522,13号线#522,121.85008418,39.32354368
523,13号线#523,121.84988435,39.32323251
524,13号线#524,121.84968452,39.32292132
525,13号线#525,121.8494847,39.32261014
526,13号线#526,121.84928487,39.32229896
527,13号线#527,121.84908504,39.32198778
528,13号线#528,121.84888521,39.32167659
529,13号线#529,121.84868538,39.3213654
530,13号线#530,121.84848555,39.32105421
531,13号线#531,121.84828572,39.32074302
532,13号线#532,121.84808589,39.32043183
533,13号线#533,121.84788606,39.32012064
534,13号线#534,121.84768624,39.31980945
535,13号线#535,121.84748641,39.31949825
536,13号线#536,121.84728658,39.31918705
537,13号线#537,121.84708675,39.31887586
538,13号线#538,121.84688692,39.31856466
539,13号线#539,121.84668709,39.31825345
540,13号线#540,121.84648726,39.31794225
541,13号线#541,121.84628743,39.31763105
542,13号线#542,121.8460876,39.31731984
543,13号线#543,121.84588778,39.31700864
544,13号线#544,121.84568795,39.31669743
545,13号线#545,121.84548812,39.31638622
546,13号线#546,121.84528829,39.31607501
547,13号线#547,121.84508846,39.3157638
548,13号线#548,121.84488863,39.31545258
549,13号线#549,121.8446888,39.31514137
550,13号线#550,121.84448897,39.31483015
551,13号线#551,121.84428914,39.31451893
552,13号线#552,121.84408931,39.31420772
553,13号线#553,121.84388949,39.31389649
554,13号线#554,121.84368966,39.31358527
555,13号线#555,121.84348983,39.31327405
556,13号线#556,121.84329,39.31296283
557,13号线#557,121.84309017,39.3126516
558,13号线#558,121.84289034,39.31234037
559,13号线#559,121.84269051,39.31202914
560,13号线#560,121.84249068,39.31171791
561,13号线#561,121.84229085,39.31140668
562,13号线#562,121.84209103,39.31109545
563,13号线#563,121.8418912,39.31078421
564,13号线#564,121.84169137,39.31047298
565,13号线#565,121.84149154,39.31016174
566,13号线#566,121.84129171,39.3098505
567,13号线#567,121.84109188,39.30953926
568,13号线#568,121.84089205,39.30922802
569,13号线#569,121.84069222,39.30891678
570,13号线#570,121.84049239,39.30860554
571,13号线#571,121.84029256,39.30829429
572,13号线#572,121.84009274,39.30798304
573,13号线#573,121.83989291,39.3076718
574,13号线#574,121.83969308,39.30736055
575,13号线#575,121.83949325,39.3070493
576,13号线#576,121.83929342,39.30673804
577,13号线#577,121.83909359,39.30642679
578,13号线#578,121.83889376,39.30611553
579,13号线#579,121.83869393,39.30580428
580,13号线#580,121.8384941,39.30549302
581,13号线#581,121.83829428,39.30518176
582,13号线#582,121.83809445,39.3048705
583,13号线#583,121.83789462,39.30455924
584,13号线#584,121.83769479,39.30424797
585,13号线#585,121.83749496,39.30393671
586,13号线#586,121.83729513,39.30362544
587,13号线#587,121.8370953,39.30331418
588,13号线#588,121.83689547,39.30300291
589,13号线#589,121.83669564,39.30269164
590,13号线#590,121.83649582,39.30238037
591,13号线#591,121.83629599,39.30206909
592,13号线#592,121.83609616,39.30175782
593,13号线#593,121.83589633,39.30144654
594,13号线#594,121.8356965,39.30113527
595,13号线#595,121.83549667,39.30082399
596,13号线#596,121.83529684,39.30051271
597,13号线#597,121.83509701,39.30020143
598,13号线#598,121.83489718,39.29989014
599,13号线#599,121.83469735,39.29957886
600,13号线#600,121.83449753,39.29926757
601,13号线#601,121.8342977,39.29895629
602,13号线#602,121.83409787,39.298645
603,13号线#603,121.83389804,39.29833371
604,13号线#604,121.83369821,39.29802242
605,13号线#605,121.83349838,39.29771113
606,13号线#606,121.83329855,39.29739983
607,13号线#607,121.83309872,39.29708854
608,13号线#608,121.83289889,39.29677724
609,13号线#609,121.83269907,39.29646594
610,13号线#610,121.83249924,39.29615464
611,13号线#611,121.83229941,39.29584334
612,13号线#612,121.83209958,39.29553204
613,13号线#613,121.83189975,39.29522074
614,13号线#614,121.83169992,39.29490943
615,13号线#615,121.83150009,39.29459812
616,13号线#616,121.83130026,39.29428682
617,13号线#617,121.83110043,39.29397551
618,13号线#618,121.8309006,39.2936642
619,13号线#619,121.83070078,39.29335289
620,13号线#620,121.83050095,39.29304157
621,13号线#621,121.83030112,39.29273026
622,13号线#622,121.83010129,39.29241894
623,13号线#623,121.82990146,39.29210763
624,13号线#624,121.82970163,39.29179631
625,13号线#625,121.8295018,39.29148499
626,13号线#626,121.82930197,39.29117366
627,13号线#627,121.82910214,39.29086234
628,13号线#628,121.82890232,39.29055102
629,13号线#629,121.82870249,39.29023969
630,13号线#630,121.82850266,39.28992837
631,13号线#631,121.82830283,39.28961704
632,13号线#632,121.828103,39.28930571
633,13号线#633,121.82790317,39.28899438
634,13号线#634,121.82770334,39.28868304
635,13号线#635,121.82750351,39.28837171
636,13号线#636,121.82730368,39.28806037
637,13号线#637,121.82710386,39.28774904
638,13号线#638,121.82690403,39.2874377
639,13号线#639,121.8267042,39.28712636
640,13号线#640,121.82650437,39.28681502
641,13号线#641,121.82630454,39.28650368
642,13号线#642,121.82610471,39.28619233
643,13号线#643,121.82590488,39.28588099
644,13号线#644,121.82570505,39.28556964
645,13号线#645,121.82550522,39.28525829
646,13号线#646,121.82530539,39.28494694
647,13号线#647,121.82510557,39.28463559
648,13号线#648,121.82490574,39.28432424
649,13号线#649,121.82470591,39.28401289
650,13号线#650,121.82450608,39.28370153
651,13号线#651,121.82430625,39.28339018
652,13号线#652,121.82410642,39.28307882
653,13号线#653,121.82390659,39.28276746
654,13号线#654,121.82370676,39.2824561
655,13号线#655,121.82350693,39.28214474
656,13号线#656,121.82330711,39.28183338
657,13号线#657,121.82310728,39.28152201
658,13号线#658,121.82290745,39.28121065
659,13号线#659,121.82270762,39.28089928
660,13号线#660,121.82250779,39.28058791
661,13号线#661,121.82230796,39.28027654
662,13号线#662,121.82210813,39.27996517
663,13号线#663,121.8219083,39.2796538
664,13号线#664,121.82170847,39.27934242
665,13号线#665,121.82150864,39.27903105
666,13号线#666,121.82130882,39.27871967
667,13号线#667,121.82110899,39.27840829
668,13号线#668,121.82090916,39.27809691
669,13号线#669,121.82070933,39.27778553
670,13号线#670,121.8205095,39.27747415
671,13号线#671,121.82030967,39.27716277
672,13号线#672,121.82010984,39.27685138
673,13号线#673,121.81991001,39.27653999
674,13号线#674,121.81971018,39.27622861
675,13号线#675,121.81951036,39.27591722
676,13号线#676,121.81931053,39.27560583
677,13号线#677,121.8191107,39.27529443
678,13号线#678,121.81891087,39.27498304
679,13号线#679,121.81871104,39.27467165
680,13号线#680,121.81851121,39.27436025
681,13号线#681,121.81831138,39.27404885
682,13号线#682,121.81811155,39.27373745
683,13号线#683,121.81791172,39.27342605
684,13号线#684,121.8177119,39.27311465
685,13号线#685,121.81751207,39.27280325
686,13号线#686,121.81731224,39.27249184
687,13号线#687,121.81711241,39.27218044
688,13号线#688,121.81691258,39.27186903
689,13号线#689,121.81671275,39.27155762
690,13号线#690,121.81651292,39.27124621
691,13号线#691,121.81631309,39.2709348
692,13号线#692,121.81611326,39.27062339
693,13号线#693,121.81591343,39.27031197
694,13号线#694,121.81571361,39.27000056
695,13号线#695,121.81551378,39.26968914
696,13号线#696,121.81531395,39.26937772
697,13号线#697,121.81511412,39.2690663
698,13号线#698,121.81491429,39.26875488
699,13号线#699,121.81471446,39.26844346
700,13号线#700,121.81451463,39.26813204
701,13号线#701,121.8143148,39.26782061
702,13号线#702,121.81411497,39.26750918
703,13号线#703,121.81391515,39.26719776
704,13号线#704,121.81371532,39.26688633
705,13号线#705,121.81351549,39.26657489
706,13号线#706,121.81331566,39.26626346
707,13号线#707,121.81311583,39.26595203
708,13号线#708,121.812916,39.26564059
709,13号线#709,121.81271617,39.26532916
710,13号线#710,121.81251634,39.26501772
711,13号线#711,121.81231651,39.26470628
712,13号线#712,121.81211668,39.26439484
713,13号线#713,121.81191686,39.2640834
714,13号线#714,121.81171703,39.26377196
715,13号线#715,121.8115172,39.26346051
716,13号线#716,121.81131737,39.26314906
717,13号线#717,121.81111754,39.26283762
718,13号线#718,121.81091771,39.26252617
719,13号线#719,121.81071788,39.26221472
720,13号线#720,121.81051805,39.26190327
721,13号线#721,121.81031822,39.26159181
722,13号线#722,121.8101184,39.26128036
723,13号线#723,121.80991857,39.2609689
724,13号线#724,121.80971874,39.26065745
725,13号线#725,121.80951891,39.26034599
726,13号线#726,121.80931908,39.26003453
727,13号线#727,121.80911925,39.25972307
728,13号线#728,121.80891942,39.2594116
729,13号线#729,121.80871959,39.25910014
730,13号线#730,121.80851976,39.25878867
731,13号线#731,121.80831994,39.25847721
732,13号线#732,121.80812011,39.25816574
733,13号线#733,121.80792028,39.25785427
734,13号线#734,121.80772045,39.2575428
735,13号线#735,121.80752062,39.25723133
736,13号线#736,121.80732079,39.25691985
737,13号线#737,121.80712096,39.25660838
738,13号线#738,121.80692113,39.2562969
739,13号线#739,121.8067213,39.25598542
740,13号线#740,121.80652147,39.25567394
741,13号线#741,121.80632165,39.25536246
742,13号线#742,121.80612182,39.25505098
743,13号线#743,121.80592199,39.2547395
744,13号线#744,121.80572216,39.25442801
745,13号线#745,121.80552233,39.25411653
746,13号线#746,121.8053225,39.25380504
747,13号线#747,121.80512267,39.25349355
748,13号线#748,121.80492284,39.25318206
749,13号线#749,121.80472301,39.25287057
750,13号线#750,121.80452319,39.25255908
751,13号线#751,121.80432336,39.25224758
752,13号线#752,121.80412353,39.25193609
753,13号线#753,121.8039237,39.25162459
754,13号线#754,121.80372387,39.25131309
755,13号线#755,121.80352404,39.25100159
756,13号线#756,121.80332421,39.25069009
757,13号线#757,121.80312438,39.25037859
758,13号线#758,121.80292455,39.25006708
759,13号线#759,121.80272473,39.24975558
760,13号线#760,121.8025249,39.24944407
761,13号线#761,121.80232507,39.24913256
762,13号线#762,121.80212524,39.24882105
763,13号线#763,121.80192541,39.24850954
764,13号线#764,121.80172558,39.24819803
765,13号线#765,121.80152575,39.24788651
766,13号线#766,121.80132592,39.247575
767,13号线#767,121.80112609,39.24726348
768,13号线#768,121.80092626,39.24695196
769,13号线#769,121.80072644,39.24664044
770,13号线#770,121.80052661,39.24632892
771,13号线#771,121.80032678,39.2460174
772,13号线#772,121.80012695,39.24570588
773,13号线#773,121.79992712,39.24539435
774,13号线#774,121.79972729,39.24508283
775,13号线#775,121.79952746,39.2447713
776,13号线#776,121.79932763,39.24445977
777,13号线#777,121.7991278,39.24414824
778,13号线#778,121.79892798,39.24383671
779,13号线#779,121.79872815,39.24352517
780,13号线#780,121.79852832,39.24321364
781,13号线#781,121.79832849,39.2429021
782,13号线#782,121.79812866,39.24259057
783,13号线#783,121.79792883,39.24227903
784,13号线#784,121.797729,39.24196749
785,13号线#785,121.79752917,39.24165595
786,13号线#786,121.79732934,39.2413444
787,13号线#787,121.79712951,39.24103286
788,13号线#788,121.79692969,39.24072131
789,13号线#789,121.79672986,39.24040977
790,13号线#790,121.79653003,39.24009822
791,13号线#791,121.7963302,39.23978667
792,13号线#792,121.79613037,39.23947512
793,13号线#793,121.79593054,39.23916356
794,13号线#794,121.79573071,39.23885201
795,13号线#795,121.79553088,39.23854046
796,13号线#796,121.79533105,39.2382289
797,13号线#797,121.79513123,39.23791734
798,13号线#798,121.7949314,39.23760578
799,13号线#799,121.79473157,39.23729422
800,13号线#800,121.79453174,39.23698266
801,13号线#801,121.79433191,39.23667109
802,13号线#802,121.79413208,39.23635953
803,13号线#803,121.79393225,39.23604796
804,13号线#804,121.79373242,39.2357364
805,13号线#805,121.79353259,39.23542483
806,13号线#806,121.79333277,39.23511326
807,13号线#807,121.79313294,39.23480168
808,13号线#808,121.79293311,39.23449011
809,13号线#809,121.79273328,39.23417854
810,13号线#810,121.79253345,39.23386696
811,13号线#811,121.79233362,39.23355538
812,13号线#812,121.79213379,39.2332438
813,13号线#813,121.79193396,39.23293222
814,13号线#814,121.79173413,39.23262064
815,13号线#815,121.7915343,39.23230906
816,13号线#816,121.79133448,39.23199747
817,13号线#817,121.79113465,39.23168589
818,13号线#818,121.79093482,39.2313743
819,13号线#819,121.79073499,39.23106271
820,13号线#820,121.79053516,39.23075112
821,13号线#821,121.79033533,39.23043953
822,13号线#822,121.7901355,39.23012794
823,13号线#823,121.78993567,39.22981634
824,13号线#824,121.78973584,39.22950475
825,13号线#825,121.78953602,39.22919315
826,13号线#826,121.78933619,39.22888155
827,13号线#827,121.78913636,39.22856995
828,13号线#828,121.78893653,39.22825835
829,13号线#829,121.7887367,39.22794675
830,13号线#830,121.78853687,39.22763515
831,13号线#831,121.78833704,39.22732354
832,13号线#832,121.78813721,39.22701193
833,13号线#833,121.78793738,39.22670033
834,13号线#834,121.78773755,39.22638872
835,13号线#835,121.78753773,39.22607711
836,13号线#836,121.7873379,39.22576549
837,13号线#837,121.78713807,39.22545388
838,13号线#838,121.78693824,39.22514227
839,13号线#839,121.78673841,39.22483065
840,13号线#840,121.78653858,39.22451903
841,13号线#841,121.78633875,39.22420741
842,13号线#842,121.78613892,39.22389579
843,13号线#843,121.78593909,39.22358417
844,13号线#844,121.78573927,39.22327255
845,13号线#845,121.78553944,39.22296092
846,13号线#846,121.78533961,39.2226493
847,13号线#847,121.78513978,39.22233767
848,13号线#848,121.78493995,39.22202604
849,13号线#849,121.78474012,39.22171441
850,13号线#850,121.78454029,39.22140278
851,13号线#851,121.78434046,39.22109115
852,13号线#852,121.78414063,39.22077951
853,13号线#853,121.78394081,39.22046788
854,13号线#854,121.78374098,39.22015624
855,13号线#855,121.78354115,39.2198446
856,13号线#856,121.78334132,39.21953296
857,13号线#857,121.78314149,39.21922132
858,13号线#858,121.78294166,39.21890968
859,13号线#859,121.78274183,39.21859804
860,13号线#860,121.782542,39.21828639
861,13号线#861,121.78234217,39.21797474
862,13号线#862,121.78214234,39.2176631
863,13号线#863,121.78194252,39.21735145
864,13号线#864,121.78174269,39.2170398
865,13号线#865,121.78154286,39.21672814
866,13号线#866,121.78134303,39.21641649
867,13号线#867,121.7811432,39.21610483
868,13号线#868,121.78094337,39.21579318
869,13号线#869,121.78074354,39.21548152
870,13号线#870,121.78054371,39.21516986
871,13号线#871,121.78034388,39.2148582
872,13号线#872,121.78014406,39.21454654
873,13号线#873,121.77994423,39.21423488
874,13号线#874,121.7797444,39.21392321
875,13号线#875,121.77954457,39.21361155
876,13号线#876,121.77934474,39.21329988
877,13号线#877,121.77914491,39.21298821
878,13号线#878,121.77894508,39.21267654
879,13号线#879,121.77874525,39.21236487
880,13号线#880,121.77854542,39.21205319
881,13号线#881,121.77834559,39.21174152
882,13号线#882,121.77814577,39.21142984
883,13号线#883,121.77794594,39.21111817
884,13号线#884,121.77774611,39.21080649
885,13号线#885,121.77754628,39.21049481
886,13号线#886,121.77734645,39.21018313
887,13号线#887,121.77714662,39.20987144
888,13号线#888,121.77694679,39.20955976
889,13号线#889,121.77674696,39.20924808
890,13号线#890,121.77654713,39.20893639
891,13号线#891,121.77634731,39.2086247
892,13号线#892,121.77614748,39.20831301
893,13号线#893,121.77594765,39.20800132
894,13号线#894,121.77574782,39.20768963
895,13号线#895,121.77554799,39.20737793
896,13号线#896,121.77534816,39.20706624
897,13号线#897,121.77514833,39.20675454
898,13号线#898,121.7749485,39.20644284
899,13号线#899,121.77474867,39.20613115
900,13号线#900,121.77454885,39.20581944
901,13号线#901,121.77434902,39.20550774
902,13号线#902,121.77414919,39.20519604
903,13号线#903,121.77394936,39.20488433
904,13号线#904,121.77374953,39.20457263
905,13号线#905,121.7735497,39.20426092
906,13号线#906,121.77334987,39.20394921
907,13号线#907,121.77315004,39.2036375
908,13号线#908,121.77295021,39.20332579
909,13号线#909,121.77275038,39.20301408
910,13号线#910,121.77255056,39.20270236
911,13号线#911,121.77235073,39.20239065
912,13号线#912,121.7721509,39.20207893
913,13号线#913,121.77195107,39.20176721
914,13号线#914,121.77175124,39.20145549
915,13号线#915,121.77155141,39.20114377
916,13号线#916,121.77135158,39.20083205
917,13号线#917,121.77115175,39.20052032
918,13号线#918,121.77095192,39.2002086
919,13号线#919,121.7707521,39.19989687
920,13号线#920,121.77055227,39.19958514
921,13号线#921,121.77035244,39.19927341
922,13号线#922,121.77015261,39.19896168
923,13号线#923,121.76995278,39.19864995
924,13号线#924,121.76975295,39.19833822
925,13号线#925,121.76955312,39.19802648
926,13号线#926,121.76935329,39.19771474
927,13号线#927,121.76915346,39.19740301
928,13号线#928,121.76895363,39.19709127
929,13号线#929,121.76875381,39.19677953
930,13号线#930,121.76855398,39.19646778
931,13号线#931,121.76835415,39.19615604
932,13号线#932,121.76815432,39.1958443
933,13号线#933,121.76795449,39.19553255
934,13号线#934,121.76775466,39.1952208
935,13号线#935,121.76755483,39.19490905
936,13号线#936,121.767355,39.1945973
937,13号线#937,121.76715517,39.19428555
938,13号线#938,121.76695535,39.1939738
939,13号线#939,121.76675552,39.19366204
940,13号线#940,121.76655569,39.19335029
941,13号线#941,121.76635586,39.19303853
942,13号线#942,121.76615603,39.19272677
943,13号线#943,121.7659562,39.19241501
944,13号线#944,121.76575637,39.19210325
945,13号线#945,121.76555654,39.19179149
946,13号线#946,121.76535671,39.19147972
947,13号线#947,121.76515689,39.19116796
948,13号线#948,121.76495706,39.19085619
949,13号线#949,121.76475723,39.19054442
950,13号线#950,121.7645574,39.19023265
951,13号线#951,121.76435757,39.18992088
952,13号线#952,121.76415774,39.18960911
953,13号线#953,121.76395791,39.18929733
954,13号线#954,121.76375808,39.18898556
955,13号线#955,121.76355825,39.18867378
956,13号线#956,121.76335842,39.188362
957,13号线#957,121.7631586,39.18805022
958,13号线#958,121.76295877,39.18773844
959,13号线#959,121.76275894,39.18742666
960,13号线#960,121.76255911,39.18711488
961,13号线#961,121.76235928,39.18680309
962,13号线#962,121.76215945,39.18649131
963,13号线#963,121.76195962,39.18617952
964,13号线#964,121.76175979,39.18586773
965,13号线#965,121.76155996,39.18555594
966,13号线#966,121.76136014,39.18524415
967,13号线#967,121.76116031,39.18493235
968,13号线#968,121.76096048,39.18462056
969,13号线#969,121.76076065,39.18430876
970,13号线#970,121.76056082,39.18399696
971,13号线#971,121.76036099,39.18368517
972,13号线#972,121.76016116,39.18337337
973,13号线#973,121.75996133,39.18306156
974,13号线#974,121.7597615,39.18274976
975,13号线#975,121.75956167,39.18243796
976,13号线#976,121.75936185,39.18212615
977,13号线#977,121.75916202,39.18181434
978,13号线#978,121.75896219,39.18150254
979,13号线#979,121.75876236,39.18119073
980,13号线#980,121.75856253,39.18087891
981,13号线#981,121.7583627,39.1805671
982,13号线#982,121.75816287,39.18025529
983,13号线#983,121.75796304,39.17994347
984,13号线#984,121.75776321,39.17963166
985,13号线#985,121.75756339,39.17931984
986,13号线#986,121.75736356,39.17900802
987,13号线#987,121.75716373,39.1786962
988,13号线#988,121.7569639,39.17838437
989,13号线#989,121.75676407,39.17807255
990,13号线#990,121.75656424,39.17776073
991,13号线#991,121.75636441,39.1774489
992,13号线#992,121.75616458,39.17713707
993,13号线#993,121.75596475,39.17682524
994,13号线#994,121.75576493,39.17651341
995,13号线#995,121.7555651,39.17620158
996,13号线#996,121.75536527,39.17588975
997,13号线#997,121.75516544,39.17557791
998,13号线#998,121.75496561,39.17526608
999,13号线#999,121.75476578,39.17495424
1000,13号线#1000,121.75456595,39.1746424
1001,13号线#1001,121.75436612,39.17433056
1002,13号线#1002,121.75416629,39.17401872
1003,13号线#1003,121.75396646,39.17370687
1004,13号线#1004,121.75376664,39.17339503
1005,13号线#1005,121.75356681,39.17308318
1006,13号线#1006,121.75336698,39.17277134
1007,13号线#1007,121.75316715,39.17245949
1008,13号线#1008,121.75296732,39.17214764
1009,13号线#1009,121.75276749,39.17183579
1010,13号线#1010,121.75256766,39.17152393
1011,13号线#1011,121.75236783,39.17121208
1012,13号线#1012,121.752168,39.17090022
1013,13号线#1013,121.75196818,39.17058837
1014,13号线#1014,121.75176835,39.17027651
1015,13号线#1015,121.75156852,39.16996465
1016,13号线#1016,121.75136869,39.16965279
1017,13号线#1017,121.75116886,39.16934093
1018,13号线#1018,121.75096903,39.16902906
1019,13号线#1019,121.7507692,39.1687172
1020,13号线#1020,121.75056937,39.16840533
1021,13号线#1021,121.75036954,39.16809346
1022,13号线#1022,121.75016971,39.16778159
1023,13号线#1023,121.74996989,39.16746972
1024,13号线#1024,121.74977006,39.16715785
1025,13号线#1025,121.74957023,39.16684598
1026,13号线#1026,121.7493704,39.1665341
1027,13号线#1027,121.74917057,39.16622223
1028,13号线#1028,121.74897074,39.16591035
1029,13号线#1029,121.74877091,39.16559847
1030,13号线#1030,121.74857108,39.16528659
1031,13号线#1031,121.74837125,39.16497471
1032,13号线#1032,121.74817143,39.16466282
1033,13号线#1033,121.7479716,39.16435094
1034,13号线#1034,121.74777177,39.16403905
1035,13号线#1035,121.74757194,39.16372717
1036,13号线#1036,121.74737211,39.16341528
1037,13号线#1037,121.74717228,39.16310339
1038,13号线#1038,121.74697245,39.1627915
1039,13号线#1039,121.74677262,39.1624796
1040,13号线#1040,121.74657279,39.16216771
1041,13号线#1041,121.74637297,39.16185581
1042,13号线#1042,121.74617314,39.16154392
1043,13号线#1043,121.74597331,39.16123202
1044,13号线#1044,121.74577348,39.16092012
1045,13号线#1045,121.74557365,39.16060822
1046,13号线#1046,121.74537382,39.16029631
1047,13号线#1047,121.74517399,39.15998441
1048,13号线#1048,121.74497416,39.1596725
1049,13号线#1049,121.74477433,39.1593606
1050,13号线#1050,121.7445745,39.15904869
1051,13号线#1051,121.74437468,39.15873678
1052,13号线#1052,121.74417485,39.15842487
1053,13号线#1053,121.74397502,39.15811296
1054,13号线#1054,121.74377519,39.15780104
1055,13号线#1055,121.74357536,39.15748913
1056,13号线#1056,121.74337553,39.15717721
1057,13号线#1057,121.7431757,39.15686529
1058,13号线#1058,121.74297587,39.15655338
1059,13号线#1059,121.74277604,39.15624145
1060,13号线#1060,121.74257622,39.15592953
1061,13号线#1061,121.74237639,39.15561761
1062,13号线#1062,121.74217656,39.15530568
1063,13号线#1063,121.74197673,39.15499376
1064,13号线#1064,121.7417769,39.15468183
1065,13号线#1065,121.74157707,39.1543699
1066,13号线#1066,121.74137724,39.15405797
1067,13号线#1067,121.74117741,39.15374604
1068,13号线#1068,121.74097758,39.15343411
1069,13号线#1069,121.74077775,39.15312217
1070,13号线#1070,121.74057793,39.15281024
1071,13号线#1071,121.7403781,39.1524983
1072,13号线#1072,121.74017827,39.15218636
1073,13号线#1073,121.73997844,39.15187442
1074,13号线#1074,121.73977861,39.15156248
1075,13号线#1075,121.73957878,39.15125054
1076,13号线#1076,121.73937895,39.15093859
1077,13号线#1077,121.73917912,39.15062665
1078,13号线#1078,121.73897929,39.1503147
1079,13号线#1079,121.73877947,39.15000275
1080,13号线#1080,121.73857964,39.1496908
1081,13号线#1081,121.73837981,39.14937885
1082,13号线#1082,121.73817998,39.1490669
1083,13号线#1083,121.73798015,39.14875495
1084,13号线#1084,121.73778032,39.14844299
1085,13号线#1085,121.73758049,39.14813104
1086,13号线#1086,121.73738066,39.14781908
1087,13号线#1087,121.73718083,39.14750712
1088,13号线#1088,121.73698101,39.14719516
1089,13号线#1089,121.736972,39.1471811
